Comunidad,Provincia
Andalucia,Almería
Andalucia,Cádiz
Andalucia,Córdoba
Andalucia,Granada
Andalucia,Huelva
Andalucia,Jaén
Andalucia,Málaga
Andalucia,Sevilla
Aragon,Huesca
Aragon,Teruel
Aragon,Zaragoza
Baleares,Baleares
Canarias,Las Palmas
Canarias,Santa Cruz de Tenerife
Cantabria,Cantabria
Castilla y Leon,Ávila
Castilla y Leon,Burgos
Castilla y Leon,León
Castilla y Leon,Palencia
Castilla y Leon,Salamanca
Castilla y Leon,Segovia
Castilla y Leon,Soria
Castilla y Leon,Valladolid
Castilla y Leon,Zamora
Castilla-la Mancha,Albacete
Castilla-la Mancha,Ciudad Real
Castilla-la Mancha,Cuenca
Castilla-la Mancha,Guadalajara
Castilla-la Mancha,Toledo
Cataluña,Barcelona
Cataluña,Gerona
Cataluña,Lérida
Cataluña,Tarragona
Ciudad de Ceuta,Ceuta
Ciudad de Melilla,Melilla
Comunidad de madrid,Madrid
Navarra,Navarra
Comunidad Valenciana,Alicante
Comunidad Valenciana,Castellón
Comunidad Valenciana,Valencia
Extremadura,Badajoz
Extremadura,Cáceres
Galicia,La Coruña
Galicia,Lugo
Galicia,Orense
Galicia,Pontevedra
La Rioja,La Rioja
Pais vasco,Álava
Pais vasco,Guipúzcoa
Pais vasco,Vizcaya
Asturias,Asturias
Murcia,Murcia
